"","year","hs.class","Pos.","Height","Weight","X247.Star","X247.Rating","X247.Nat.","X247.Pos","X247.State","like_wvu"
"1","2020","7","OC",6030,270,"3",0.8601,842,19,89,"0"
"2","2020","7","WDE",6050,230,"3",0.853,0,51,107,"0"
"3","2020","7","OG",6034,300,"3",0.8538,0,69,106,"0"
"4","2020","7","RB",6010,205,"3",0.8817,454,33,47,"0"
"5","2020","7","DT",6030,305,"3",0.8343,0,117,156,"0"
"6","2020","7","TE",6040,227,"3",0.8559,935,42,99,"0"
"7","2020","7","RB",5100,201,"4",0.9025,280,21,28,"0"
"8","2020","7","WR",6030,215,"3",0.883,440,75,43,"0"
"9","2020","7","SDE",6050,260,"5",0.9965,7,1,2,"0"
"10","2020","7","QB",6050,211,"4",0.9557,98,3,15,"0"
"11","2020","7","TE",6050,253,"5",0.9971,5,1,1,"0"
"12","2020","7","WR",6030,195,"3",0.8431,0,190,135,"0"
"13","2020","7","ILB",6020,225,"3",0.8053,0,114,234,"0"
"14","2020","7","WDE",6030,218,"4",0.9636,83,6,12,"0"
"15","2020","7","DS",6000,195,"4",0.8952,332,32,32,"0"
"16","2020","7","WR",6010,165,"3",0.8861,413,69,40,"0"
"17","2020","7","OT",6050,300,"3",0.8643,748,56,72,"0"
"18","2020","7","WR",6010,196,"4",0.9215,199,34,20,"0"
"19","2020","7","DT",6020,323,"4",0.8936,345,34,34,"0"
"20","2020","7","RB",6000,192,"3",0.8709,606,43,64,"0"
"21","2020","7","CB",5090,183,"3",0.8484,0,99,122,"1"
"22","2020","7","WDE",6020,230,"3",0.8618,798,38,80,"0"
"23","2020","7","OG",6050,299,"4",0.9548,102,3,16,"0"
"24","2020","7","WR",6040,215,"3",0.8527,0,151,109,"0"
"25","2020","7","WR",5100,165,"4",0.9565,94,17,13,"0"
"26","2020","7","WDE",6060,225,"4",0.8946,336,19,33,"0"
"27","2020","7","PK",6010,190,"3",0.8201,0,6,189,"1"
"28","2020","7","TE",6030,210,"3",0.883,441,18,44,"0"
"29","2020","7","DS",5110,178,"3",0.8808,469,39,48,"0"
"30","2020","7","OT",6060,294,"3",0.8709,610,47,65,"0"
"31","2020","7","WDE",6030,235,"3",0.8801,477,21,50,"0"
"32","2020","7","ATH",6014,190,"3",0.8438,0,94,132,"0"
"33","2020","6","CB",6020,187,"3",0.8795,483,34,52,"1"
"34","2020","6","ILB",6020,205,"3",0.8837,428,19,41,"0"
"35","2020","6","OLB",6020,215,"3",0.8721,490,37,63,"0"
"36","2020","6","OT",6050,295,"3",0.8891,381,29,36,"0"
"37","2020","6","WR",6000,160,"3",0.8506,0,158,116,"0"
"38","2020","6","RB",5090,191,"4",0.9652,75,8,10,"0"
"39","2020","6","DT",6030,306,"3",0.8639,752,62,74,"0"
"40","2020","6","OT",6060,310,"3",0.8742,559,44,60,"0"
"41","2020","6","WDE",6020,252,"3",0.8626,787,36,78,"0"
"42","2020","6","ATH",5100,175,"3",0.841,0,101,140,"0"
"43","2020","6","ILB",6020,200,"3",0.8356,0,67,152,"0"
"44","2020","6","ILB",6000,220,"4",0.956,97,7,14,"0"
"45","2020","6","TE",6040,220,"3",0.8342,0,78,157,"1"
"46","2020","6","OLB",6034,224,"4",0.9727,56,4,7,"0"
"47","2020","6","OT",6070,285,"3",0.8552,948,76,100,"0"
"48","2020","6","WR",6000,207,"4",0.9197,208,36,21,"0"
"49","2020","6","OLB",6010,206,"3",0.8762,525,32,58,"1"
"50","2020","6","RB",5104,211,"3",0.8593,856,56,91,"0"
"51","2020","6","CB",6020,180,"4",0.8958,325,21,31,"0"
"52","2020","6","ATH",6020,207,"3",0.8884,392,17,38,"0"
"53","2020","6","QB",6040,190,"3",0.8681,649,25,67,"0"
"54","2020","5","CB",5110,180,"3",0.8689,630,44,66,"0"
"55","2020","5","ATH",5110,172,"3",0.8633,764,44,75,"0"
"56","2020","5","OC",6040,270,"3",0.8802,474,10,49,"0"
"57","2020","5","ILB",6024,243,"4",0.9072,259,15,27,"0"
"58","2020","5","RB",5100,190,"4",0.9371,137,16,19,"0"
"59","2020","5","DT",6034,306,"4",0.9098,248,27,25,"0"
"60","2020","5","WDE",6030,233,"5",0.9913,17,1,4,"0"
"61","2020","5","WR",5110,185,"3",0.887,402,65,39,"0"
"62","2020","5","DT",6010,268,"3",0.8544,975,79,104,"1"
"63","2020","5","DT",6030,295,"3",0.8668,679,57,69,"0"
"64","2020","5","WR",6000,180,"3",0.8614,804,124,81,"0"
"65","2020","5","OT",6050,298,"5",0.9947,11,2,3,"0"
"66","2020","5","TE",6040,245,"3",0.8559,932,41,98,"0"
"67","2020","5","WR",6020,186,"3",0.8822,451,76,46,"1"
"68","2020","5","WDE",6040,220,"3",0.8614,811,40,82,"0"
"69","2020","5","OT",6050,278,"3",0.8759,527,41,59,"0"
"70","2020","5","RB",5090,187,"3",0.8497,0,73,119,"0"
"71","2020","5","DS",6010,195,"3",0.8626,786,62,77,"0"
"72","2020","4","RB",5100,190,"3",0.8608,828,53,88,"0"
"73","2020","4","QB",6040,185,"3",0.8647,719,27,71,"1"
"74","2020","4","RB",5100,205,"3",0.8824,448,32,45,"0"
"75","2020","4","SDE",6040,245,"3",0.8776,506,20,55,"0"
"76","2020","4","RB",6000,210,"3",0.841,0,84,139,"1"
"77","2020","4","WR",6034,195,"4",0.9393,131,24,18,"0"
"78","2020","4","QB",6044,216,"4",0.909,252,10,26,"0"
"79","2020","4","RB",6000,213,"3",0.8509,0,72,115,"0"
"80","2020","4","WDE",6054,232,"3",0.8519,0,52,110,"1"
"81","2020","4","DS",5110,185,"4",0.9711,60,3,8,"0"
"82","2020","4","CB",6000,197,"3",0.8675,664,48,68,"0"
"83","2020","4","SDE",6030,301,"3",0.8763,524,24,57,"0"
"84","2020","4","WR",6010,186,"4",0.9513,110,19,17,"0"
"85","2020","4","ILB",6020,235,"3",0.8519,0,49,111,"1"
"86","2020","4","CB",6000,180,"3",0.8376,0,133,147,"1"
"87","2020","4","OLB",6020,205,"3",0.8464,0,83,129,"0"
"88","2020","4","QB",6040,185,"3",0.8766,518,19,56,"0"
"89","2020","3","CB",6010,172,"3",0.8585,891,68,95,"1"
"90","2020","3","WDE",6040,220,"3",0.8518,0,54,112,"0"
"91","2020","3","ILB",6024,230,"3",0.883,434,21,42,"0"
"92","2020","3","OT",6060,308,"4",0.9665,72,6,9,"0"
"93","2020","3","SDE",6010,243,"3",0.845,0,61,130,"0"
"94","2020","3","WDE",6030,210,"3",0.8626,781,35,76,"1"
"95","2020","3","SDE",6020,252,"3",0.8601,843,39,90,"0"
"96","2020","3","WR",6000,175,"3",0.8485,0,167,121,"0"
"97","2020","3","ILB",6004,217,"4",0.9183,215,12,23,"0"
"98","2020","3","SDE",6040,255,"3",0.8484,0,58,124,"0"
"99","2020","3","OG",6030,278,"3",0.8797,479,25,51,"0"
"100","2020","3","WR",6000,180,"3",0.878,501,82,54,"1"
"101","2020","3","ILB",6020,207,"3",0.8742,563,30,61,"0"
"102","2020","2","ATH",6000,210,"4",0.9817,39,4,6,"0"
"103","2020","2","OG",6040,310,"3",0.8784,493,27,53,"0"
"104","2020","2","OLB",6050,216,"3",0.8884,391,26,37,"0"
"105","2020","2","WR",6010,183,"4",0.8986,303,51,30,"0"
"106","2020","2","ILB",6000,231,"3",0.8484,0,55,123,"0"
"107","2020","2","OLB",6030,250,"3",0.8416,0,96,138,"0"
"108","2020","1","ILB",6020,230,"4",0.9189,212,11,22,"0"
"109","2020","1","PK",6010,182,"3",0.8162,0,9,200,"0"
"110","2020","1","OT",6060,322,"4",0.9822,37,3,5,"0"
"111","2020","1","DT",6040,280,"3",0.8614,815,72,84,"0"
"112","2020","1","WR",6040,200,"4",0.8998,297,49,29,"0"
"113","2020","1","ATH",6010,244,"3",0.8551,963,59,101,"0"
"114","2020","1","QB",6010,190,"3",0.8511,0,34,114,"0"
"115","2020","1","SDE",6040,260,"4",0.9651,77,3,11,"0"
"116","2020","1","ILB",6000,215,"4",0.9107,245,14,24,"0"
"117","2019","7","CB",6010,188,"5",0.9891,23,2,3,"0"
"118","2019","7","DS",6000,198,"3",0.8851,448,37,45,"0"
"119","2019","7","WDE",6040,230,"4",0.8937,345,22,38,"0"
"120","2019","7","OLB",6040,220,"3",0.8389,0,107,131,"0"
"121","2019","7","CB",5110,176,"3",0.8567,950,90,98,"1"
"122","2019","7","OLB",6020,213,"3",0.8309,0,120,172,"1"
"123","2019","7","SDE",6030,250,"3",0.8552,986,66,100,"0"
"124","2019","7","OG",6030,320,"3",0.875,586,34,63,"0"
"125","2019","7","PK",6000,185,"3",0.8054,0,12,217,"0"
"126","2019","7","CB",6010,175,"3",0.8801,518,50,54,"0"
"127","2019","7","OT",6040,280,"3",0.8397,0,113,130,"0"
"128","2019","7","CB",6000,165,"3",0.8593,889,79,87,"0"
"129","2019","7","OC",6030,305,"3",0.8364,0,17,139,"0"
"130","2019","7","WDE",6040,228,"4",0.9463,123,5,15,"0"
"131","2019","7","WR",6054,195,"3",0.8875,420,51,44,"0"
"132","2019","7","OT",6060,282,"4",0.9512,108,11,12,"0"
"133","2019","7","OT",6060,312,"5",0.9871,28,6,5,"0"
"134","2019","7","OLB",6000,210,"5",0.9879,25,1,4,"0"
"135","2019","7","OLB",6030,205,"3",0.8527,0,73,104,"1"
"136","2019","7","DS",6020,190,"3",0.8431,0,111,122,"0"
"137","2019","7","RB",5110,195,"3",0.8817,492,5,50,"0"
"138","2019","7","DT",6000,338,"3",0.871,647,52,65,"0"
"139","2019","7","CB",6020,182,"4",0.9427,131,16,16,"1"
"140","2019","7","DS",6000,194,"4",0.9331,156,14,20,"0"
"141","2019","7","RB",6010,195,"3",0.8552,982,61,99,"0"
"142","2019","7","TE",6060,240,"4",0.9112,236,7,27,"0"
"143","2019","7","RB",5090,175,"3",0.8763,569,37,61,"1"
"144","2019","7","WR",6030,185,"4",0.9503,111,17,13,"0"
"145","2019","7","ATH",5110,185,"3",0.833,0,134,159,"1"
"146","2019","7","RB",5100,198,"3",0.8466,0,80,115,"1"
"147","2019","7","CB",6000,175,"3",0.8281,0,170,176,"1"
"148","2019","7","WR",6000,170,"3",0.8333,0,192,158,"1"
"149","2019","7","OT",6050,275,"3",0.8336,0,133,145,"1"
"150","2019","7","DS",6020,190,"4",0.9376,149,13,19,"0"
"151","2019","7","QB",5110,186,"3",0.8687,703,18,69,"0"
"152","2019","7","DT",6030,303,"4",0.9059,264,20,29,"0"
"153","2019","7","SDE",6060,230,"3",0.8477,0,76,113,"0"
"154","2019","7","WDE",6040,220,"3",0.8485,0,70,110,"0"
"155","2019","7","OT",6050,315,"3",0.868,716,55,71,"0"
"156","2019","7","CB",6000,175,"3",0.8795,527,51,57,"0"
"157","2019","7","RB",5100,192,"3",0.8702,671,43,66,"0"
"158","2019","7","DS",6020,180,"3",0.8683,706,55,70,"0"
"159","2019","7","ATH",5090,180,"3",0.8614,844,56,86,"0"
"160","2019","7","OLB",6020,197,"4",0.9595,88,4,11,"0"
"161","2019","7","DT",6014,270,"3",0.8327,0,105,160,"0"
"162","2019","7","OLB",6020,240,"3",0.8763,565,37,59,"1"
"163","2019","7","DT",6040,288,"3",0.8343,0,102,142,"0"
"164","2019","7","WR",6010,195,"4",0.9831,36,5,8,"0"
"165","2019","7","DS",6030,194,"3",0.8688,701,54,67,"0"
"166","2019","6","RB",5110,229,"3",0.8688,702,44,68,"0"
"167","2019","6","OT",6040,318,"4",0.9131,227,20,25,"0"
"168","2019","6","ATH",6020,190,"3",0.8763,567,33,60,"1"
"169","2019","6","OG",6050,290,"3",0.8675,726,42,73,"0"
"170","2019","6","CB",6010,188,"4",0.9186,200,23,22,"0"
"171","2019","6","PK",6000,160,"3",0.8197,0,7,196,"0"
"172","2019","6","WDE",6040,225,"4",0.8967,326,20,34,"0"
"173","2019","6","SDE",6044,263,"4",0.9698,62,5,10,"0"
"174","2019","6","DS",6020,190,"3",0.8568,945,76,97,"1"
"175","2019","6","ILB",6000,222,"3",0.8118,0,94,203,"0"
"176","2019","6","QB",6030,195,"3",0.8817,487,20,48,"0"
"177","2019","6","DT",6010,300,"3",0.8585,905,66,89,"0"
"178","2019","6","CB",5110,180,"3",0.8571,943,88,96,"1"
"179","2019","6","DS",5110,200,"3",0.8891,393,32,41,"0"
"180","2019","6","WR",6020,212,"3",0.8221,0,223,185,"0"
"181","2019","6","OT",6040,295,"3",0.8402,0,112,129,"0"
"182","2019","6","DS",6010,195,"3",0.8755,576,46,62,"0"
"183","2019","6","WR",6020,190,"3",0.8338,0,186,143,"1"
"184","2019","6","WR",6030,195,"3",0.8581,909,109,90,"0"
"185","2019","6","OT",6040,270,"3",0.829,0,149,175,"1"
"186","2019","6","ILB",6000,215,"3",0.8506,0,51,106,"1"
"187","2019","6","WDE",6030,228,"3",0.8817,495,37,52,"0"
"188","2019","6","SDE",6030,270,"3",0.888,418,28,43,"0"
"189","2019","5","WDE",6020,235,"4",0.8996,309,18,32,"0"
"190","2019","5","RB",5110,188,"4",0.9139,220,12,23,"1"
"191","2019","5","OT",6050,300,"3",0.8479,0,94,112,"0"
"192","2019","5","SDE",6050,236,"3",0.8655,771,52,77,"0"
"193","2019","5","DT",6020,280,"3",0.8654,777,59,79,"0"
"194","2019","5","OT",6050,290,"3",0.8668,753,58,75,"0"
"195","2019","5","OC",6034,305,"5",0.9868,30,2,6,"1"
"196","2019","5","OG",6034,324,"3",0.8809,511,30,53,"0"
"197","2019","5","LS",6000,261,"3",0.7895,0,4,246,"0"
"198","2019","5","OG",6040,300,"3",0.8626,824,46,84,"0"
"199","2019","5","ILB",6010,220,"3",0.8655,772,36,78,"0"
"200","2019","5","SDE",6040,240,"3",0.843,0,87,124,"0"
"201","2019","5","WDE",6020,235,"4",0.8977,318,19,33,"1"
"202","2019","5","QB",6010,205,"3",0.8247,0,65,183,"1"
"203","2019","5","ATH",6020,165,"3",0.8579,921,64,92,"1"
"204","2019","5","TE",6060,245,"4",0.9016,296,10,31,"0"
"205","2019","5","RB",5100,205,"4",0.8917,369,25,40,"0"
"206","2019","5","QB",6030,188,"3",0.8315,0,57,163,"1"
"207","2019","5","ATH",5110,180,"3",0.8668,757,47,76,"1"
"208","2019","5","PK",6000,178,"3",0.8122,0,10,202,"0"
"209","2019","5","TE",6050,225,"3",0.8882,415,17,42,"0"
"210","2019","4","OLB",6010,220,"4",0.8918,366,19,39,"0"
"211","2019","4","ATH",6010,215,"4",0.9126,231,11,26,"1"
"212","2019","4","WDE",6040,230,"3",0.8431,0,78,121,"0"
"213","2019","4","TE",6050,235,"4",0.8947,341,12,37,"0"
"214","2019","4","RB",5110,195,"3",0.8572,938,57,95,"1"
"215","2019","4","DS",6030,190,"4",0.97,60,5,9,"0"
"216","2019","4","CB",6010,176,"3",0.858,918,83,91,"0"
"217","2019","4","DS",6000,200,"4",0.942,133,12,17,"0"
"218","2019","4","ATH",6030,205,"3",0.8403,0,107,128,"0"
"219","2019","4","WDE",6050,240,"4",0.933,158,9,21,"0"
"220","2019","4","DT",6050,285,"5",0.9901,22,3,2,"0"
"221","2019","4","ILB",6030,230,"3",0.8822,480,25,47,"0"
"222","2019","4","RB",5080,217,"3",0.8635,804,48,81,"1"
"223","2019","3","DS",5110,183,"3",0.8377,0,120,133,"0"
"224","2019","3","TE",6050,220,"3",0.8635,807,39,82,"0"
"225","2019","3","WR",6010,185,"3",0.8796,522,60,55,"0"
"226","2019","3","DT",6020,275,"3",0.8841,465,34,46,"0"
"227","2019","3","WR",6024,196,"5",0.9967,4,1,1,"1"
"228","2019","3","ATH",6010,178,"4",0.9086,249,12,28,"0"
"229","2019","3","CB",5110,185,"4",0.8958,336,34,36,"0"
"230","2019","3","DT",6040,280,"5",0.9867,31,4,7,"0"
"231","2019","3","OLB",6000,206,"4",0.9138,221,13,24,"0"
"232","2019","3","TE",6060,235,"3",0.8676,719,32,72,"1"
"233","2019","3","OLB",6014,225,"3",0.8776,551,35,58,"1"
"234","2019","3","CB",5100,187,"4",0.9017,295,30,30,"0"
"235","2019","3","ATH",6020,185,"3",0.8671,734,42,74,"0"
"236","2019","3","OT",6050,275,"3",0.8742,600,45,64,"0"
"237","2019","3","PK",6020,175,"3",0.8075,0,11,213,"0"
"238","2019","2","OG",6040,341,"4",0.9385,144,8,18,"0"
"239","2019","2","TE",6050,250,"3",0.8635,809,40,83,"0"
"240","2019","2","WDE",6050,215,"3",0.8592,897,60,88,"0"
"241","2019","2","ATH",6010,210,"3",0.8796,525,30,56,"0"
"242","2019","2","WR",5110,154,"3",0.8614,843,55,85,"1"
"243","2019","2","WDE",6030,235,"3",0.8817,494,36,51,"0"
"244","2019","1","WDE",6030,242,"3",0.8343,0,88,140,"0"
"245","2019","1","OLB",6020,227,"3",0.8445,0,89,120,"0"
"246","2019","1","ILB",6000,236,"4",0.9464,122,7,14,"0"
"247","2019","1","SDE",6020,251,"4",0.8963,329,22,35,"0"
"248","2019","1","OLB",6040,225,"3",0.8418,0,97,125,"1"
"249","2019","1","OC",6030,289,"3",0.8647,787,12,80,"0"
"250","2019","1","QB",6020,210,"3",0.8431,0,31,123,"0"
"251","2018","7","OT",6044,295,"3",0.8551,935,80,87,"0"
"252","2018","7","CB",6000,178,"4",0.9035,280,29,31,"0"
"253","2018","7","WR",6020,185,"4",0.9562,92,17,13,"0"
"254","2018","7","OT",6040,285,"3",0.8722,603,47,62,"0"
"255","2018","7","CB",6010,185,"3",0.8854,426,41,46,"0"
"256","2018","7","WR",6020,190,"3",0.8527,0,148,94,"0"
"257","2018","7","QB",6020,206,"4",0.9614,77,5,10,"0"
"258","2018","7","RB",6010,195,"3",0.8368,0,89,142,"0"
"259","2018","7","OLB",6030,199,"3",0.8376,0,100,140,"1"
"260","2018","7","DS",6010,175,"3",0.849,0,89,111,"0"
"261","2018","7","OLB",6024,231,"4",0.9761,48,3,7,"0"
"262","2018","7","WR",5110,172,"3",0.841,0,194,132,"1"
"263","2018","7","ATH",6020,195,"3",0.8413,0,97,130,"0"
"264","2018","7","TE",6030,224,"3",0.8763,530,23,57,"1"
"265","2018","7","CB",6000,201,"3",0.8635,747,68,71,"0"
"266","2018","7","DS",6020,211,"4",0.9516,106,9,14,"0"
"267","2018","7","CB",6010,185,"3",0.8784,511,51,56,"0"
"268","2018","7","ATH",5114,215,"3",0.8635,751,61,72,"0"
"269","2018","7","OT",6070,265,"3",0.8635,752,57,73,"0"
"270","2018","7","ATH",6000,165,"3",0.8393,0,101,137,"1"
"271","2018","7","WDE",6040,224,"4",0.9391,144,10,18,"0"
"272","2018","7","CB",6020,182,"3",0.8887,387,37,42,"0"
"273","2018","7","OG",6050,275,"3",0.8561,907,35,84,"1"
"274","2018","7","OLB",6040,215,"3",0.8635,753,46,74,"0"
"275","2018","7","OT",6060,290,"2",0.7853,0,215,248,"0"
"276","2018","7","WR",6020,180,"3",0.8514,0,153,101,"0"
"277","2018","7","WR",6030,210,"3",0.8276,0,234,154,"0"
"278","2018","7","DT",6024,285,"3",0.8743,560,42,58,"0"
"279","2018","7","PT",6020,175,"3",0.8393,0,1,136,"0"
"280","2018","7","WDE",6030,218,"3",0.8654,718,42,69,"1"
"281","2018","7","OC",6040,290,"4",0.907,263,5,28,"0"
"282","2018","7","QB",6020,207,"3",0.8676,675,29,68,"0"
"283","2018","7","OLB",6020,219,"3",0.8617,779,49,78,"0"
"284","2018","7","RB",5100,200,"3",0.8065,0,130,186,"0"
"285","2018","7","WR",6040,210,"3",0.8471,0,172,113,"0"
"286","2018","7","TE",6050,250,"3",0.8205,0,79,169,"0"
"287","2018","7","CB",5110,190,"2",0.7853,0,244,250,"0"
"288","2018","7","DT",6020,377,"4",0.9482,117,9,15,"0"
"289","2018","7","WDE",6040,237,"4",0.9412,142,9,17,"0"
"290","2018","7","SDE",6020,238,"3",0.854,961,47,89,"0"
"291","2018","7","CB",6000,170,"3",0.8636,744,67,70,"0"
"292","2018","7","WR",6014,180,"4",0.8914,367,61,40,"0"
"293","2018","7","OLB",6020,222,"3",0.8742,575,37,60,"0"
"294","2018","7","TE",6050,225,"3",0.8635,755,37,75,"0"
"295","2018","7","DS",6010,187,"3",0.8464,0,95,118,"0"
"296","2018","7","CB",6024,173,"4",0.9312,170,17,22,"0"
"297","2018","6","OLB",6020,215,"3",0.8505,0,72,104,"0"
"298","2018","6","SDE",6030,240,"3",0.8405,0,68,133,"0"
"299","2018","6","RB",5104,206,"3",0.8713,616,28,63,"0"
"300","2018","6","CB",6000,190,"4",0.9188,209,22,26,"0"
"301","2018","6","OT",6060,305,"3",0.8742,574,45,59,"1"
"302","2018","6","CB",6000,193,"3",0.8059,0,189,190,"0"
"303","2018","6","SDE",6020,268,"3",0.8322,0,77,149,"1"
"304","2018","6","OLB",6010,218,"3",0.8511,0,69,102,"0"
"305","2018","6","CB",5114,181,"3",0.8405,0,115,135,"0"
"306","2018","6","QB",6030,221,"5",0.9998,2,1,2,"0"
"307","2018","6","SDE",6020,273,"3",0.8466,0,60,116,"0"
"308","2018","6","WR",6020,185,"3",0.8891,386,64,41,"0"
"309","2018","6","OG",6034,346,"4",0.9692,62,3,9,"0"
"310","2018","6","WR",6030,205,"3",0.853,996,145,92,"0"
"311","2018","6","ATH",6000,185,"3",0.8547,947,77,88,"1"
"312","2018","6","OC",6040,280,"3",0.8342,0,22,146,"0"
"313","2018","6","OLB",6040,206,"4",0.9575,87,5,12,"0"
"314","2018","6","WR",6040,200,"3",0.8518,0,152,99,"0"
"315","2018","6","WR",6020,160,"3",0.8593,847,128,82,"1"
"316","2018","6","PK",5110,165,"3",0.812,0,10,178,"1"
"317","2018","6","OG",6030,296,"3",0.8804,482,22,49,"0"
"318","2018","6","DS",6010,185,"3",0.8552,930,74,86,"0"
"319","2018","6","ILB",6020,213,"4",0.9033,281,15,32,"0"
"320","2018","6","WR",5104,175,"4",0.9388,146,25,19,"0"
"321","2018","6","OLB",5110,205,"3",0.816,0,131,173,"1"
"322","2018","6","OT",6050,323,"4",0.9385,148,12,20,"0"
"323","2018","6","OLB",6000,205,"4",0.9221,197,13,24,"0"
"324","2018","5","RB",5110,205,"4",0.9209,201,8,25,"0"
"325","2018","5","RB",5110,200,"3",0.8871,403,17,43,"0"
"326","2018","5","WR",5090,175,"3",0.8156,0,276,174,"0"
"327","2018","5","DS",6010,190,"3",0.858,874,62,83,"0"
"328","2018","5","RB",5110,187,"3",0.8784,508,22,54,"0"
"329","2018","5","WR",6020,185,"3",0.8452,0,177,124,"0"
"330","2018","5","ATH",6030,185,"4",0.936,158,6,21,"0"
"331","2018","5","CB",6010,170,"3",0.8389,0,125,138,"1"
"332","2018","5","OT",6050,315,"3",0.8505,0,100,105,"0"
"333","2018","5","DS",6020,180,"4",0.9222,195,17,23,"0"
"334","2018","5","CB",6000,174,"3",0.871,620,58,64,"0"
"335","2018","5","RB",5110,190,"3",0.8519,0,54,98,"1"
"336","2018","5","WDE",6030,225,"4",0.8958,328,19,37,"0"
"337","2018","5","RB",5114,200,"3",0.8468,0,64,114,"1"
"338","2018","5","DT",6040,295,"3",0.8452,0,82,123,"0"
"339","2018","5","OLB",6040,214,"5",0.9889,18,1,4,"0"
"340","2018","5","DT",6024,258,"3",0.8784,507,35,53,"0"
"341","2018","5","SDE",6000,265,"3",0.8498,0,53,108,"0"
"342","2018","5","SDE",6044,247,"5",0.9867,23,2,5,"0"
"343","2018","5","ATH",6014,213,"4",0.8939,345,19,39,"0"
"344","2018","5","DS",6010,175,"3",0.8423,0,101,126,"0"
"345","2018","5","OLB",6020,205,"3",0.8552,926,62,85,"0"
"346","2018","5","OT",6060,295,"3",0.854,963,83,90,"0"
"347","2018","5","OT",6050,335,"3",0.8871,406,29,44,"0"
"348","2018","5","OT",6040,345,"3",0.8804,484,37,51,"0"
"349","2018","4","WR",6020,176,"3",0.8784,510,84,55,"1"
"350","2018","4","ILB",6040,221,"3",0.8463,0,46,120,"0"
"351","2018","4","QB",6060,208,"5",0.9999,1,1,1,"0"
"352","2018","4","WR",6000,179,"3",0.8526,0,149,95,"1"
"353","2018","4","TE",6060,230,"4",0.8975,316,17,36,"0"
"354","2018","4","OLB",6040,220,"3",0.8627,765,48,77,"0"
"355","2018","4","WDE",6034,250,"3",0.8738,579,30,61,"0"
"356","2018","4","SDE",6070,249,"3",0.8635,756,33,76,"0"
"357","2018","4","WDE",6050,250,"3",0.831,0,91,151,"0"
"358","2018","4","CB",5104,193,"4",0.9045,276,28,30,"0"
"359","2018","3","DT",6010,290,"3",0.8498,0,74,107,"0"
"360","2018","3","OLB",6040,236,"4",0.983,31,2,6,"0"
"361","2018","3","CB",6010,201,"4",0.972,56,8,8,"0"
"362","2018","3","ATH",5100,185,"3",0.8606,808,69,80,"0"
"363","2018","3","DT",6040,277,"3",0.8709,629,48,65,"0"
"364","2018","3","FB",6020,245,"3",0.8356,0,2,145,"0"
"365","2018","3","OG",6040,342,"5",0.9956,10,1,3,"0"
"366","2018","3","WR",5114,203,"4",0.9451,130,23,16,"0"
"367","2018","3","ILB",6010,220,"3",0.8463,0,45,119,"0"
"368","2018","3","RB",5110,197,"3",0.8456,0,68,121,"0"
"369","2018","2","TE",6030,230,"3",0.8492,0,47,110,"0"
"370","2018","2","ATH",6010,180,"4",0.8958,332,17,38,"0"
"371","2018","2","SDE",6040,257,"4",0.9061,269,10,29,"0"
"372","2018","2","OLB",6030,218,"3",0.8594,840,56,81,"0"
"373","2018","2","CB",5104,169,"4",0.8991,306,30,34,"0"
"374","2018","2","QB",6024,195,"4",0.9587,85,5,11,"0"
"375","2018","2","WR",6030,195,"3",0.8702,639,99,66,"0"
"376","2018","2","DS",6020,190,"3",0.8681,667,48,67,"0"
"377","2018","1","ATH",6030,206,"4",0.8985,309,13,35,"0"
"378","2018","1","SDE",6040,260,"3",0.8614,795,38,79,"0"
"379","2018","1","ATH",6020,195,"3",0.8481,0,86,112,"0"
"380","2018","1","CB",6020,180,"3",0.8835,443,43,47,"0"
"381","2018","1","OG",6030,330,"4",0.8993,302,14,33,"0"
"382","2018","1","DT",6030,299,"3",0.853,998,69,93,"1"
"383","2018","1","OT",6050,260,"3",0.8256,0,149,162,"0"
"384","2018","1","WDE",6040,237,"3",0.8806,479,25,48,"0"
"385","2018","1","RB",5104,178,"4",0.9077,258,7,27,"0"
"386","2018","1","TE",6040,225,"3",0.8797,490,21,52,"0"
"387","2017","7","ILB",6040,226,"4",0.9264,174,7,17,"0"
"388","2017","7","QB",6040,185,"3",0.8054,0,73,207,"0"
"389","2017","7","CB",5114,189,"3",0.844,0,111,101,"0"
"390","2017","7","TE",6030,245,"3",0.824,0,73,160,"0"
"391","2017","7","OLB",6014,208,"3",0.8507,825,56,82,"0"
"392","2017","7","DS",6040,190,"3",0.8628,582,41,57,"0"
"393","2017","7","QB",6020,207,"3",0.8818,393,17,40,"0"
"394","2017","7","ILB",6000,218,"4",0.9055,257,12,26,"0"
"395","2017","7","DS",6020,204,"4",0.977,49,4,6,"0"
"396","2017","7","OT",6050,290,"3",0.8794,416,45,44,"0"
"397","2017","7","OC",6030,280,"3",0.8574,677,9,67,"0"
"398","2017","7","CB",5090,174,"4",0.9638,76,8,9,"0"
"399","2017","7","CB",6000,190,"3",0.8481,889,93,90,"0"
"400","2017","7","CB",5090,170,"3",0.8646,557,54,55,"0"
"401","2017","7","QB",6020,192,"4",0.8992,280,11,28,"0"
"402","2017","7","OT",6030,260,"3",0.8042,0,179,215,"0"
"403","2017","7","DS",6010,188,"3",0.8429,0,79,104,"0"
"404","2017","7","OC",6030,290,"3",0.8428,0,14,106,"1"
"405","2017","7","PK",6000,165,"2",0.7916,0,19,253,"0"
"406","2017","7","CB",6000,180,"3",0.8441,0,110,100,"0"
"407","2017","7","OT",6080,292,"3",0.836,0,112,123,"0"
"408","2017","7","DS",6014,208,"3",0.8813,402,29,42,"0"
"409","2017","7","WR",6020,195,"4",0.9431,125,18,12,"0"
"410","2017","7","WR",6020,185,"3",0.8791,419,63,45,"1"
"411","2017","7","RB",5090,200,"3",0.8472,917,50,93,"0"
"412","2017","7","WDE",6034,235,"3",0.8506,827,47,83,"0"
"413","2017","7","CB",5110,170,"3",0.8472,914,97,91,"0"
"414","2017","7","OLB",6024,227,"3",0.8835,386,21,38,"0"
"415","2017","7","WDE",6020,255,"4",0.8925,316,22,31,"0"
"416","2017","7","OG",6040,270,"2",0.7945,0,105,245,"0"
"417","2017","7","WR",6020,208,"3",0.8818,394,57,41,"0"
"418","2017","7","DS",6010,180,"2",0.7954,0,175,237,"0"
"419","2017","7","WDE",6034,230,"4",0.9498,107,8,11,"0"
"420","2017","7","ATH",6020,215,"3",0.855,718,53,72,"0"
"421","2017","7","WDE",6010,218,"3",0.8324,0,74,144,"1"
"422","2017","7","WR",6020,205,"3",0.8574,675,97,66,"1"
"423","2017","7","SDE",6030,240,"3",0.8333,0,62,132,"0"
"424","2017","7","CB",5100,170,"3",0.8355,0,133,125,"0"
"425","2017","7","DS",6010,192,"4",0.9723,58,6,8,"0"
"426","2017","7","WR",6030,200,"3",0.8655,549,81,53,"1"
"427","2017","7","OT",6070,325,"3",0.8534,752,72,77,"0"
"428","2017","7","CB",6000,170,"4",0.9213,203,29,22,"0"
"429","2017","7","ATH",6020,188,"3",0.8857,368,21,35,"0"
"430","2017","7","CB",6020,160,"3",0.8116,0,182,189,"0"
"431","2017","7","ILB",6000,223,"3",0.8518,792,31,81,"0"
"432","2017","7","SDE",6040,270,"3",0.8373,0,58,120,"1"
"433","2017","7","OLB",6020,212,"4",0.9379,137,9,13,"0"
"434","2017","7","CB",6000,165,"3",0.8351,0,135,127,"0"
"435","2017","7","CB",6020,180,"4",0.9745,55,6,7,"0"
"436","2017","6","WR",6050,170,"3",0.8534,753,108,78,"1"
"437","2017","6","ATH",5110,160,"3",0.8616,595,42,60,"1"
"438","2017","6","CB",5110,175,"3",0.8446,993,109,99,"1"
"439","2017","6","OT",6050,318,"3",0.8382,0,107,118,"0"
"440","2017","6","DT",6010,300,"2",0.7945,0,129,244,"0"
"441","2017","6","RB",5100,183,"3",0.8372,0,65,121,"0"
"442","2017","6","ATH",5104,191,"4",0.9062,255,12,25,"0"
"443","2017","6","OT",6060,280,"3",0.8685,503,53,50,"0"
"444","2017","6","CB",6000,185,"3",0.8319,0,146,146,"1"
"445","2017","6","QB",6012,229,"4",0.9794,44,3,4,"0"
"446","2017","6","DS",6000,190,"3",0.8553,716,52,71,"1"
"447","2017","6","WR",6020,180,"3",0.859,640,93,64,"1"
"448","2017","6","WDE",6060,241,"3",0.8736,447,26,47,"0"
"449","2017","6","ILB",6020,230,"4",0.9091,242,11,24,"0"
"450","2017","6","FB",6020,255,"3",0.8386,0,3,117,"0"
"451","2017","6","DT",6032,288,"5",0.9879,23,2,2,"0"
"452","2017","6","DS",5110,175,"3",0.8488,870,64,89,"0"
"453","2017","6","ATH",6020,175,"3",0.8423,0,72,108,"0"
"454","2017","6","DS",5100,175,"3",0.8543,733,55,74,"0"
"455","2017","6","RB",6004,215,"4",0.9232,191,12,19,"1"
"456","2017","6","DS",6000,190,"3",0.8463,944,71,95,"1"
"457","2017","6","SDE",6020,238,"3",0.8783,426,17,46,"0"
"458","2017","5","ATH",6020,190,"3",0.7985,0,150,234,"0"
"459","2017","5","ATH",5110,180,"3",0.8494,857,61,86,"0"
"460","2017","5","ILB",5110,200,"3",0.8346,0,54,130,"0"
"461","2017","5","OLB",6020,215,"3",0.8043,0,134,214,"0"
"462","2017","5","OT",6060,275,"3",0.8351,0,113,128,"1"
"463","2017","5","OC",6050,290,"3",0.864,567,5,56,"0"
"464","2017","5","CB",6000,180,"3",0.8243,0,159,159,"0"
"465","2017","5","DS",5100,197,"3",0.826,0,109,157,"0"
"466","2017","5","ATH",6030,185,"3",0.8544,731,55,73,"1"
"467","2017","5","TE",6070,240,"3",0.8599,628,26,62,"1"
"468","2017","5","OLB",6020,207,"3",0.8619,592,39,59,"0"
"469","2017","5","OLB",6020,217,"3",0.8435,0,67,103,"1"
"470","2017","5","SDE",6024,242,"3",0.8359,0,59,124,"0"
"471","2017","5","RB",5110,200,"3",0.8565,692,35,69,"1"
"472","2017","5","ATH",6000,180,"3",0.8388,0,77,115,"0"
"473","2017","5","CB",6000,183,"4",0.8935,311,36,30,"1"
"474","2017","4","OLB",6040,235,"3",0.8188,0,110,172,"1"
"475","2017","4","OT",6060,305,"3",0.83,0,130,149,"1"
"476","2017","4","OLB",6040,236,"4",0.9217,202,11,21,"0"
"477","2017","4","CB",6000,170,"3",0.842,0,114,105,"0"
"478","2017","4","CB",6000,170,"3",0.8578,668,63,65,"0"
"479","2017","4","ATH",5080,165,"3",0.8285,0,96,155,"0"
"480","2017","4","OG",6040,270,"3",0.8072,0,87,201,"0"
"481","2017","4","SDE",6034,265,"4",0.9345,154,4,15,"0"
"482","2017","4","ILB",6020,215,"3",0.8438,0,44,102,"0"
"483","2017","4","RB",5090,185,"3",0.8488,869,18,88,"0"
"484","2017","4","OT",6070,320,"3",0.8219,0,143,162,"0"
"485","2017","4","WR",5110,175,"3",0.8675,517,77,51,"1"
"486","2017","4","DS",6010,190,"3",0.8624,589,43,58,"0"
"487","2017","3","DS",6020,205,"3",0.861,609,45,61,"0"
"488","2017","3","DS",6000,175,"3",0.8372,0,90,122,"0"
"489","2017","3","OG",6032,341,"4",0.9588,87,6,10,"0"
"490","2017","3","OG",6050,356,"3",0.8828,388,23,39,"0"
"491","2017","3","CB",6000,180,"4",0.8919,321,37,32,"0"
"492","2017","3","QB",6070,230,"3",0.8559,705,31,70,"1"
"493","2017","3","WDE",6040,226,"4",0.9238,189,14,18,"0"
"494","2017","3","PK",6000,175,"2",0.7667,0,36,357,"0"
"495","2017","3","QB",6030,192,"5",0.9918,15,1,1,"0"
"496","2017","3","ILB",6020,208,"3",0.8567,689,27,68,"0"
"497","2017","3","DT",6040,288,"3",0.8133,0,101,185,"0"
"498","2017","3","OT",6050,295,"3",0.8843,379,39,37,"1"
"499","2017","3","DS",5104,174,"5",0.9876,25,2,3,"0"
"500","2017","3","DS",6020,188,"3",0.8182,0,125,175,"0"
"501","2017","3","OLB",6030,206,"3",0.8472,915,60,92,"1"
"502","2017","3","SDE",6024,271,"4",0.895,300,14,29,"0"
"503","2017","3","WR",6020,185,"4",0.8919,324,48,33,"0"
"504","2017","3","RB",6000,210,"3",0.8493,859,46,87,"0"
"505","2017","3","OT",6045,335,"4",0.9791,45,9,5,"0"
"506","2017","3","DT",6030,300,"4",0.8993,278,17,27,"0"
"507","2017","3","WDE",6030,247,"3",0.8534,751,45,76,"0"
"508","2017","2","ATH",6040,210,"2",0.7682,0,234,348,"0"
"509","2017","2","WR",6010,186,"3",0.8702,477,71,49,"0"
"510","2017","2","RB",5110,205,"3",0.8497,848,44,85,"1"
"511","2017","2","TE",6040,255,"3",0.8469,926,43,94,"1"
"512","2017","2","CB",5114,180,"4",0.9224,195,28,20,"0"
"513","2017","2","DT",6030,325,"3",0.8721,457,36,48,"0"
"514","2017","2","ILB",6012,223,"4",0.931,163,6,16,"0"
"515","2017","1","ATH",6020,185,"3",0.81,0,127,196,"1"
"516","2017","1","QB",6010,225,"3",0.8132,0,65,187,"0"
"517","2017","1","OT",6050,285,"3",0.8423,0,94,107,"0"
"518","2017","1","ATH",6030,214,"3",0.865,551,39,54,"0"
"519","2017","1","OG",6050,265,"3",0.8396,0,57,112,"0"
"520","2017","1","DS",6020,195,"3",0.832,0,102,145,"0"
"521","2017","1","CB",6020,200,"4",0.9346,153,20,14,"0"
"522","2017","1","WR",6040,208,"3",0.8883,350,52,34,"0"
"523","2017","1","CB",6000,160,"3",0.8538,740,75,75,"0"
"524","2016","7","WR",6014,218,"4",0.9641,75,10,9,"0"
"525","2016","7","ILB",6010,230,"3",0.8615,602,22,51,"0"
"526","2016","7","OT",6060,311,"4",0.9575,85,8,10,"0"
"527","2016","7","DS",5110,180,"4",0.9083,253,10,24,"0"
"528","2016","7","DT",6040,295,"3",0.8605,616,45,52,"0"
"529","2016","7","RB",5100,185,"3",0.8351,0,27,108,"0"
"530","2016","7","RB",6010,200,"3",0.8696,500,29,46,"0"
"531","2016","7","OLB",6020,230,"3",0.8425,0,66,91,"1"
"532","2016","7","WDE",6030,230,"3",0.8872,351,26,30,"0"
"533","2016","7","OLB",6030,215,"3",0.8315,0,90,118,"1"
"534","2016","7","OLB",6020,220,"3",0.8649,556,39,49,"0"
"535","2016","7","TE",6030,240,"2",0.7716,0,125,251,"0"
"536","2016","7","WR",6010,200,"3",0.8782,417,71,36,"0"
"537","2016","7","OLB",6030,210,"3",0.8288,0,99,128,"0"
"538","2016","7","SDE",6020,260,"3",0.8453,944,45,88,"0"
"539","2016","7","WR",6000,170,"3",0.8058,0,282,175,"0"
"540","2016","7","SDE",6040,240,"3",0.8696,501,23,47,"0"
"541","2016","7","SDE",6050,250,"3",0.8493,853,40,78,"0"
"542","2016","7","PK",5110,165,"2",0.7664,0,31,288,"0"
"543","2016","7","ATH",6030,243,"3",0.8012,0,139,182,"0"
"544","2016","7","OG",6030,268,"3",0.8706,486,24,44,"0"
"545","2016","7","CB",6000,183,"2",0.7743,0,273,248,"0"
"546","2016","7","TE",6060,230,"3",0.8559,702,38,65,"0"
"547","2016","7","DT",6050,321,"4",0.9651,70,10,8,"0"
"548","2016","7","WR",5110,194,"3",0.8822,383,65,34,"0"
"549","2016","7","OG",6050,285,"3",0.8422,0,50,95,"1"
"550","2016","7","DS",6020,200,"3",0.8032,0,148,178,"0"
"551","2016","7","OT",6050,275,"3",0.8466,907,77,85,"0"
"552","2016","7","OLB",6020,215,"3",0.8634,572,40,50,"0"
"553","2016","7","DS",5100,180,"3",0.8472,886,57,83,"0"
"554","2016","7","WR",5110,170,"3",0.8376,0,164,103,"1"
"555","2016","7","WR",6020,205,"4",0.9314,158,29,17,"0"
"556","2016","7","TE",6050,215,"3",0.829,0,61,126,"0"
"557","2016","7","OLB",6040,230,"3",0.8391,0,72,102,"1"
"558","2016","7","CB",5110,186,"3",0.8568,686,60,62,"0"
"559","2016","7","CB",6000,180,"3",0.8827,378,35,32,"0"
"560","2016","7","ATH",6010,205,"3",0.8372,0,87,105,"1"
"561","2016","7","DS",6000,186,"4",0.9716,57,4,6,"0"
"562","2016","7","DS",6010,180,"3",0.8213,0,106,145,"0"
"563","2016","7","WDE",6040,220,"3",0.8543,736,47,69,"0"
"564","2016","7","ILB",6040,240,"4",0.9713,58,2,7,"0"
"565","2016","7","PK",5100,195,"3",0.8205,0,11,147,"1"
"566","2016","7","WR",6020,210,"2",0.7912,0,320,196,"0"
"567","2016","7","ILB",6020,220,"3",0.8113,0,74,161,"0"
"568","2016","7","ATH",5100,174,"3",0.8415,0,76,96,"0"
"569","2016","7","WR",6010,205,"3",0.8215,0,226,143,"0"
"570","2016","6","TE",6050,205,"3",0.8267,0,64,132,"0"
"571","2016","6","RB",5100,185,"3",0.859,644,43,56,"0"
"572","2016","6","QB",6030,205,"3",0.8399,0,48,101,"0"
"573","2016","6","SDE",6040,250,"3",0.8091,0,85,170,"0"
"574","2016","6","OLB",6000,205,"3",0.8339,0,82,109,"0"
"575","2016","6","DT",6036,317,"5",0.9964,9,4,1,"0"
"576","2016","6","OT",6030,270,"3",0.8696,502,47,48,"0"
"577","2016","6","WR",5104,169,"3",0.878,418,72,37,"0"
"578","2016","6","ILB",6000,234,"3",0.8543,733,29,68,"1"
"579","2016","6","RB",6000,200,"3",0.8489,860,54,80,"0"
"580","2016","6","OLB",6010,225,"3",0.8569,680,44,61,"0"
"581","2016","6","WR",6010,185,"3",0.8489,859,131,79,"0"
"582","2016","6","WR",6020,175,"3",0.8244,0,216,137,"0"
"583","2016","6","WDE",6040,225,"3",0.8325,0,77,115,"0"
"584","2016","6","WDE",6030,238,"3",0.8359,0,72,107,"1"
"585","2016","5","DT",6020,321,"3",0.8838,370,39,31,"0"
"586","2016","5","ATH",5090,165,"3",0.8605,617,39,53,"0"
"587","2016","5","OLB",6040,215,"3",0.8423,0,67,93,"1"
"588","2016","5","SDE",6060,255,"3",0.8422,0,49,94,"1"
"589","2016","5","DS",6000,170,"3",0.8883,348,14,29,"0"
"590","2016","5","QB",6040,206,"4",0.912,235,7,22,"0"
"591","2016","5","CB",6010,170,"3",0.8811,392,37,35,"1"
"592","2016","5","DT",6040,285,"3",0.8274,0,85,130,"1"
"593","2016","5","WDE",6054,220,"4",0.8938,319,25,26,"0"
"594","2016","5","SDE",6064,230,"3",0.8745,452,20,42,"0"
"595","2016","5","WDE",6024,234,"4",0.9091,246,17,23,"0"
"596","2016","5","QB",6030,229,"3",0.8777,421,17,38,"0"
"597","2016","5","RB",5110,196,"3",0.8534,755,47,71,"0"
"598","2016","5","ATH",6020,185,"4",0.9515,106,3,13,"0"
"599","2016","4","DT",6030,290,"4",0.9066,264,27,25,"0"
"600","2016","4","CB",6010,190,"3",0.829,0,127,127,"0"
"601","2016","4","TE",6050,220,"3",0.8822,382,16,33,"0"
"602","2016","4","QB",6040,209,"4",0.9209,204,5,19,"1"
"603","2016","4","CB",5090,178,"3",0.8193,0,156,150,"0"
"604","2016","4","OT",6050,285,"3",0.8584,651,59,58,"0"
"605","2016","4","ILB",6020,209,"4",0.9143,227,10,21,"0"
"606","2016","4","QB",6030,215,"3",0.83,0,60,123,"1"
"607","2016","4","CB",6020,185,"2",0.7783,0,251,237,"0"
"608","2016","4","WR",6000,170,"3",0.8519,790,121,73,"0"
"609","2016","4","CB",5110,180,"3",0.8543,730,65,67,"0"
"610","2016","4","OG",6030,294,"3",0.8745,453,23,43,"0"
"611","2016","4","OT",6050,320,"3",0.8893,343,33,28,"0"
"612","2016","4","OT",6060,319,"4",0.9565,90,10,12,"0"
"613","2016","4","SDE",6024,272,"3",0.8762,433,19,39,"0"
"614","2016","4","PT",6010,190,"3",0.8306,0,6,120,"0"
"615","2016","4","RB",5100,204,"4",0.9297,162,6,18,"0"
"616","2016","4","ILB",6000,225,"3",0.8265,0,63,133,"0"
"617","2016","4","CB",6000,170,"3",0.8533,757,68,72,"0"
"618","2016","3","OT",6050,260,"3",0.8575,671,60,60,"0"
"619","2016","3","TE",6050,250,"4",0.9158,222,8,20,"0"
"620","2016","3","DT",6022,305,"4",0.9739,51,7,5,"0"
"621","2016","3","ILB",6030,232,"3",0.8701,491,17,45,"0"
"622","2016","3","OT",6070,305,"3",0.859,646,58,57,"0"
"623","2016","3","DT",6040,302,"4",0.9439,122,16,15,"0"
"624","2016","3","ATH",6010,190,"3",0.8453,946,69,89,"0"
"625","2016","3","WR",6020,197,"3",0.8049,0,283,176,"0"
"626","2016","3","OT",6060,325,"4",0.9566,88,9,11,"0"
"627","2016","3","CB",5110,177,"3",0.8594,635,57,54,"0"
"628","2016","3","OG",6030,275,"3",0.8072,0,105,172,"0"
"629","2016","3","PT",6010,180,"3",0.8488,861,2,81,"1"
"630","2016","3","WR",6050,200,"3",0.841,0,152,97,"0"
"631","2016","2","ILB",6030,230,"3",0.8455,940,36,87,"0"
"632","2016","2","ATH",5100,169,"5",0.991,12,1,2,"0"
"633","2016","2","CB",6014,182,"3",0.8332,0,114,114,"0"
"634","2016","2","WR",6050,230,"4",0.9386,138,25,16,"0"
"635","2016","1","WDE",6030,250,"4",0.9458,116,10,14,"0"
"636","2016","1","OT",6054,280,"3",0.8401,0,91,99,"1"
"637","2016","1","WDE",6030,218,"4",0.9823,27,2,4,"0"
"638","2016","1","OT",6060,255,"3",0.8512,809,69,76,"0"
"639","2016","1","SDE",6050,245,"3",0.8319,0,61,116,"0"
"640","2016","1","OT",6090,267,"4",0.8918,332,30,27,"0"
"641","2016","1","WR",5116,175,"5",0.9905,13,1,3,"0"
"642","2016","1","WR",6020,180,"3",0.8557,709,110,66,"0"
"643","2016","1","ATH",6020,182,"3",0.8537,744,52,70,"1"
"644","2016","1","SDE",6040,245,"3",0.815,0,79,154,"1"
"645","2015","7","TE",6040,225,"3",0.8347,0,48,130,"0"
"646","2015","7","OLB",6034,229,"4",0.9251,173,12,19,"0"
"647","2015","7","RB",5090,172,"3",0.8438,0,80,103,"1"
"648","2015","7","SDE",6034,250,"3",0.846,988,55,97,"0"
"649","2015","7","DT",6050,275,"3",0.834,0,86,136,"0"
"650","2015","7","OG",6050,266,"3",0.8108,0,101,171,"0"
"651","2015","7","OLB",6010,210,"3",0.8397,0,70,116,"0"
"652","2015","7","ILB",6030,210,"3",0.864,579,21,55,"0"
"653","2015","7","DS",5110,165,"3",0.8372,0,87,121,"0"
"654","2015","7","DT",6034,255,"3",0.8568,729,40,77,"0"
"655","2015","7","OT",6040,310,"3",0.8605,634,70,69,"0"
"656","2015","7","WDE",6050,255,"3",0.8625,599,27,59,"0"
"657","2015","7","RB",5080,190,"3",0.8123,0,146,169,"0"
"658","2015","7","PT",6040,190,"3",0.8266,0,4,153,"0"
"659","2015","7","OG",6030,280,"5",0.988,26,1,3,"0"
"660","2015","7","RB",5100,175,"4",0.9751,53,1,7,"0"
"661","2015","7","OG",6040,310,"3",0.8478,943,61,93,"1"
"662","2015","7","WR",5090,155,"3",0.8675,531,65,49,"0"
"663","2015","7","OC",6030,280,"4",0.9053,256,5,26,"0"
"664","2015","7","OLB",6014,200,"4",0.911,228,14,23,"0"
"665","2015","7","OG",6024,285,"4",0.8961,310,20,31,"0"
"666","2015","7","CB",6010,185,"2",0.779,0,214,231,"0"
"667","2015","7","ATH",5110,187,"3",0.8563,736,59,78,"0"
"668","2015","7","WR",6050,224,"3",0.8286,0,180,148,"0"
"669","2015","7","OT",6050,290,"3",0.8345,0,140,134,"1"
"670","2015","7","QB",6020,229,"3",0.8832,381,15,35,"0"
"671","2015","7","OT",6050,272,"5",0.9897,23,2,2,"0"
"672","2015","7","TE",6040,227,"3",0.8624,604,18,61,"0"
"673","2015","7","WDE",6030,225,"3",0.8671,536,25,50,"0"
"674","2015","7","OG",6034,325,"3",0.8432,0,67,104,"0"
"675","2015","7","TE",6040,260,"3",0.8438,0,35,102,"1"
"676","2015","7","CB",6000,190,"3",0.8393,0,101,118,"0"
"677","2015","7","OG",6050,320,"3",0.8375,0,75,120,"0"
"678","2015","7","CB",5110,170,"3",0.8615,621,60,65,"0"
"679","2015","7","DT",6040,285,"3",0.8569,714,38,75,"0"
"680","2015","7","ATH",6030,205,"3",0.8203,0,123,162,"0"
"681","2015","7","WR",6030,200,"3",0.8476,949,115,94,"0"
"682","2015","6","RB",5110,205,"3",0.8619,610,49,63,"0"
"683","2015","6","SDE",6020,242,"4",0.9037,266,18,28,"0"
"684","2015","6","QB",6030,193,"3",0.8534,806,30,83,"0"
"685","2015","6","ILB",6030,220,"3",0.8422,0,43,109,"0"
"686","2015","6","OG",6040,350,"3",0.8671,539,35,51,"0"
"687","2015","6","TE",6040,227,"3",0.8727,472,14,42,"0"
"688","2015","6","OT",6040,290,"3",0.8872,356,36,33,"0"
"689","2015","6","OG",6030,295,"4",0.9116,224,11,22,"0"
"690","2015","6","WR",6020,198,"4",0.9081,244,28,25,"0"
"691","2015","6","OLB",6020,215,"3",0.8027,0,140,185,"0"
"692","2015","6","OT",6040,280,"3",0.8274,0,158,152,"0"
"693","2015","6","CB",6010,190,"3",0.8761,438,43,38,"0"
"694","2015","6","QB",6024,190,"3",0.8761,439,15,39,"0"
"695","2015","6","DS",6010,195,"4",0.9405,134,6,15,"0"
"696","2015","6","ILB",6010,200,"4",0.901,277,10,29,"0"
"697","2015","6","WDE",6024,209,"4",0.9468,114,6,12,"0"
"698","2015","6","RB",6000,190,"3",0.8185,0,136,163,"0"
"699","2015","6","CB",6000,175,"3",0.8711,491,49,46,"0"
"700","2015","6","WR",6040,191,"4",0.9769,47,7,5,"0"
"701","2015","6","OLB",6030,205,"3",0.8637,585,40,57,"0"
"702","2015","6","WDE",6030,259,"4",0.9587,88,5,10,"0"
"703","2015","6","OG",6014,306,"4",0.9121,219,10,21,"0"
"704","2015","6","RB",5094,168,"3",0.8301,0,27,145,"0"
"705","2015","6","OG",6040,335,"3",0.86,639,40,71,"0"
"706","2015","6","PK",6010,188,"3",0.8093,0,7,174,"0"
"707","2015","6","OT",6050,280,"3",0.8777,418,42,37,"0"
"708","2015","6","SDE",6030,255,"3",0.8604,636,35,70,"0"
"709","2015","6","WR",6040,200,"3",0.8727,473,59,43,"0"
"710","2015","6","WDE",6024,247,"4",0.9333,150,10,17,"0"
"711","2015","6","WR",5110,175,"3",0.8406,0,137,111,"1"
"712","2015","6","DS",6000,191,"3",0.8307,0,103,144,"0"
"713","2015","6","SDE",6040,265,"4",0.968,65,5,8,"0"
"714","2015","6","CB",5080,165,"3",0.8756,446,44,40,"1"
"715","2015","6","OLB",6010,215,"3",0.8835,378,30,34,"1"
"716","2015","6","CB",5100,175,"3",0.8697,508,50,48,"1"
"717","2015","5","QB",6014,172,"3",0.8037,0,54,184,"0"
"718","2015","5","ATH",6020,185,"3",0.8397,0,94,117,"0"
"719","2015","5","DS",6010,190,"3",0.835,0,91,128,"0"
"720","2015","5","LS",6010,235,"2",0.7762,0,2,235,"0"
"721","2015","5","DT",6020,275,"3",0.8706,497,30,47,"0"
"722","2015","5","OG",6040,277,"3",0.8584,684,43,74,"0"
"723","2015","5","WR",6020,185,"3",0.8142,0,210,166,"0"
"724","2015","5","OLB",6034,235,"3",0.863,593,41,58,"0"
"725","2015","5","ILB",5110,200,"3",0.8528,818,32,84,"1"
"726","2015","5","CB",6010,183,"3",0.8482,924,82,89,"0"
"727","2015","5","DS",5110,183,"3",0.8609,624,42,66,"0"
"728","2015","5","WR",6030,190,"3",0.8721,478,60,44,"0"
"729","2015","5","QB",6000,187,"3",0.8281,0,34,149,"0"
"730","2015","5","DS",6020,205,"4",0.927,168,9,18,"0"
"731","2015","5","WR",5110,180,"3",0.8661,548,67,52,"0"
"732","2015","5","WR",6050,207,"3",0.8727,470,57,41,"0"
"733","2015","5","WR",6030,220,"3",0.8072,0,221,175,"0"
"734","2015","5","RB",5100,165,"3",0.8478,939,19,92,"0"
"735","2015","5","OLB",6040,220,"3",0.8346,0,82,131,"1"
"736","2015","5","WDE",6050,250,"4",0.919,200,12,20,"0"
"737","2015","5","WDE",6040,235,"3",0.8346,0,62,133,"1"
"738","2015","4","ATH",6030,180,"3",0.8507,863,69,86,"1"
"739","2015","4","WDE",6044,222,"4",0.9467,116,8,13,"0"
"740","2015","4","DS",6000,195,"3",0.8625,602,40,60,"1"
"741","2015","4","DT",6020,275,"3",0.8275,0,92,151,"0"
"742","2015","4","RB",5104,225,"3",0.8655,556,46,53,"0"
"743","2015","4","OT",6070,276,"3",0.8782,415,41,36,"0"
"744","2015","4","DT",6030,295,"2",0.7667,0,191,259,"0"
"745","2015","4","RB",6000,205,"3",0.8431,0,82,107,"0"
"746","2015","4","WDE",6030,230,"3",0.824,0,72,157,"0"
"747","2015","4","RB",5100,188,"4",0.9453,121,14,14,"0"
"748","2015","4","WR",6070,220,"3",0.8431,0,128,106,"0"
"749","2015","4","DT",6024,313,"5",0.9992,1,1,1,"0"
"750","2015","4","DS",6020,195,"4",0.9039,263,15,27,"0"
"751","2015","3","OT",6060,300,"3",0.8621,609,68,62,"0"
"752","2015","3","WR",6020,180,"3",0.8455,0,121,101,"0"
"753","2015","3","WDE",6060,241,"3",0.8401,0,55,115,"0"
"754","2015","3","DS",6010,172,"3",0.834,0,96,137,"0"
"755","2015","3","DT",6030,315,"3",0.8458,990,62,99,"0"
"756","2015","3","CB",6000,180,"2",0.7958,0,184,202,"0"
"757","2015","3","OG",6030,270,"3",0.8605,632,39,68,"0"
"758","2015","3","CB",6010,187,"4",0.9095,233,25,24,"0"
"759","2015","3","ILB",6030,220,"3",0.8615,615,22,64,"0"
"760","2015","3","WR",6010,182,"4",0.938,140,15,16,"0"
"761","2015","3","WR",6010,170,"3",0.8388,0,143,119,"0"
"762","2015","3","QB",6050,195,"3",0.8025,0,77,188,"0"
"763","2015","3","DT",6020,275,"3",0.8431,0,67,105,"0"
"764","2015","3","SDE",6050,220,"3",0.8518,839,46,85,"0"
"765","2015","3","SDE",6030,295,"3",0.8478,936,51,90,"0"
"766","2015","3","TE",6050,214,"3",0.8341,0,49,135,"0"
"767","2015","3","SDE",6030,252,"3",0.8721,480,23,45,"0"
"768","2015","2","ATH",6000,168,"5",0.9879,27,1,4,"0"
"769","2015","2","WDE",6050,230,"4",0.9593,87,4,9,"0"
"770","2015","2","DS",5110,175,"3",0.8569,720,51,76,"0"
"771","2015","2","DS",6010,195,"3",0.864,581,36,56,"0"
"772","2015","1","WDE",6060,230,"3",0.8543,781,37,81,"0"
"773","2015","1","ATH",6010,181,"4",0.8969,308,18,30,"0"
"774","2015","1","OLB",6020,225,"3",0.8039,0,137,183,"0"
"775","2015","1","OT",6060,305,"4",0.9521,104,7,11,"0"
"776","2015","1","TE",6044,220,"3",0.8537,795,29,82,"0"
"777","2015","1","OLB",6020,207,"4",0.9769,48,5,6,"0"
"778","2015","1","ATH",6000,175,"3",0.8493,899,73,88,"0"
"779","2015","1","OLB",6040,220,"4",0.8934,323,25,32,"0"
"780","2014","7","CB",6000,170,"4",0.943,126,11,9,"0"
"781","2014","7","CB",6000,175,"3",0.8457,892,62,77,"1"
"782","2014","7","OT",6060,280,"3",0.8416,981,89,87,"0"
"783","2014","7","ATH",5090,178,"2",0.7857,0,178,190,"0"
"784","2014","7","OLB",6030,210,"3",0.8596,621,50,52,"0"
"785","2014","7","ATH",6014,200,"3",0.832,0,100,103,"0"
"786","2014","7","DS",6010,185,"3",0.815,0,131,130,"0"
"787","2014","7","OLB",6040,225,"3",0.8538,734,60,64,"0"
"788","2014","7","WDE",6030,240,"3",0.8523,761,39,70,"0"
"789","2014","7","TE",6050,240,"3",0.8391,0,49,90,"0"
"790","2014","7","CB",5100,178,"3",0.8593,626,42,53,"0"
"791","2014","7","ILB",5100,232,"3",0.8215,0,63,114,"0"
"792","2014","7","CB",6000,185,"3",0.8204,0,113,115,"0"
"793","2014","7","OT",6040,278,"4",0.9084,238,17,17,"0"
"794","2014","7","OLB",6000,230,"3",0.8661,527,41,44,"0"
"795","2014","7","WDE",6020,231,"3",0.8423,964,48,84,"1"
"796","2014","7","RB",5090,203,"3",0.8737,444,29,33,"0"
"797","2014","7","ATH",5090,175,"4",0.8906,326,30,27,"0"
"798","2014","7","QB",6030,211,"3",0.8043,0,43,151,"0"
"799","2014","7","WDE",6050,232,"5",0.9913,18,2,1,"0"
"800","2014","7","TE",6040,230,"3",0.8549,713,32,62,"0"
"801","2014","7","CB",6000,180,"3",0.8083,0,139,143,"1"
"802","2014","7","WR",6000,185,"2",0.7817,0,286,196,"0"
"803","2014","7","DS",6020,207,"3",0.8609,596,50,50,"0"
"804","2014","7","WR",6030,210,"4",0.8922,315,46,25,"0"
"805","2014","7","RB",5090,203,"3",0.8737,449,30,34,"0"
"806","2014","7","WDE",6024,262,"4",0.949,106,5,7,"0"
"807","2014","7","WR",6030,180,"3",0.8422,969,128,86,"0"
"808","2014","7","CB",6010,170,"3",0.8534,745,53,67,"0"
"809","2014","7","OT",6080,338,"3",0.8731,453,36,36,"1"
"810","2014","7","ATH",6024,203,"3",0.841,995,83,88,"0"
"811","2014","7","RB",5110,211,"3",0.8442,924,58,80,"1"
"812","2014","7","SDE",6030,245,"2",0.733,0,144,284,"0"
"813","2014","7","LS",6060,250,"2",0.7609,0,5,243,"0"
"814","2014","7","WR",6030,190,"3",0.8133,0,197,135,"0"
"815","2014","7","LS",6030,255,"2",0.7531,0,9,255,"0"
"816","2014","7","CB",6000,191,"4",0.9193,205,20,15,"0"
"817","2014","7","OC",6040,265,"3",0.8502,802,10,72,"0"
"818","2014","7","DS",6010,195,"3",0.866,531,44,45,"0"
"819","2014","7","QB",6060,240,"3",0.8384,0,29,93,"0"
"820","2014","6","ATH",5110,195,"4",0.8957,291,28,21,"0"
"821","2014","6","OLB",5114,206,"3",0.8527,758,63,69,"0"
"822","2014","6","RB",5090,200,"3",0.8097,0,99,142,"0"
"823","2014","6","QB",6030,200,"4",0.9794,42,1,4,"0"
"824","2014","6","QB",6040,208,"3",0.8588,633,17,54,"1"
"825","2014","6","OLB",6020,212,"3",0.8742,439,35,31,"0"
"826","2014","6","CB",5110,170,"4",0.9299,165,16,13,"0"
"827","2014","6","OLB",6010,210,"3",0.798,0,132,165,"0"
"828","2014","6","RB",5110,195,"3",0.8351,0,67,98,"0"
"829","2014","6","QB",6050,220,"3",0.8133,0,40,136,"0"
"830","2014","6","WDE",6024,260,"3",0.8736,450,25,35,"0"
"831","2014","6","DS",6030,205,"3",0.8357,0,94,96,"0"
"832","2014","6","DS",6020,185,"3",0.8288,0,108,105,"0"
"833","2014","6","OG",6050,292,"3",0.8531,750,42,68,"0"
"834","2014","6","OG",6040,270,"3",0.8575,669,38,58,"0"
"835","2014","6","ATH",6000,200,"3",0.8707,478,42,41,"0"
"836","2014","6","TE",6060,230,"3",0.8221,0,57,113,"0"
"837","2014","6","DS",5110,175,"3",0.8486,835,69,74,"1"
"838","2014","6","ILB",6000,220,"3",0.8708,477,20,40,"0"
"839","2014","6","OLB",6000,205,"3",0.8165,0,109,127,"1"
"840","2014","6","DS",5110,187,"3",0.8491,822,68,73,"0"
"841","2014","6","OLB",6020,185,"3",0.8599,617,48,51,"1"
"842","2014","5","WR",6000,181,"3",0.8004,0,227,158,"0"
"843","2014","5","DT",6020,300,"2",0.7877,0,125,188,"0"
"844","2014","5","OLB",6010,210,"4",0.9372,143,9,10,"0"
"845","2014","5","ATH",5110,175,"3",0.8568,682,56,59,"0"
"846","2014","5","TE",6050,225,"3",0.8549,712,31,61,"0"
"847","2014","5","PT",6030,190,"3",0.8055,0,5,149,"0"
"848","2014","5","DT",6030,300,"4",0.9344,153,12,11,"0"
"849","2014","5","OG",6060,320,"3",0.8389,0,53,91,"0"
"850","2014","5","OLB",6030,240,"3",0.8538,733,59,63,"0"
"851","2014","5","OG",6050,340,"3",0.8431,946,49,83,"0"
"852","2014","5","DS",6010,200,"4",0.9266,177,11,14,"0"
"853","2014","5","WR",6040,205,"3",0.8173,0,183,126,"0"
"854","2014","5","CB",5104,177,"3",0.8887,340,25,28,"0"
"855","2014","5","ATH",5090,206,"4",0.9015,261,22,19,"0"
"856","2014","5","ATH",5110,170,"3",0.8643,549,46,46,"0"
"857","2014","5","DT",6030,310,"3",0.8635,555,38,48,"0"
"858","2014","5","WR",6020,195,"3",0.874,441,61,32,"0"
"859","2014","4","WDE",6020,270,"3",0.815,0,76,131,"0"
"860","2014","4","OLB",6020,228,"3",0.8535,743,61,66,"0"
"861","2014","4","CB",6000,200,"2",0.7925,0,167,170,"0"
"862","2014","4","RB",5110,216,"5",0.9846,33,5,3,"0"
"863","2014","4","OT",6060,275,"4",0.8997,272,21,20,"0"
"864","2014","4","DT",6030,290,"3",0.825,0,79,108,"0"
"865","2014","4","WR",6010,185,"4",0.9304,163,25,12,"0"
"866","2014","4","DT",6010,287,"3",0.8721,465,35,37,"0"
"867","2014","4","CB",6004,180,"4",0.9458,113,10,8,"0"
"868","2014","4","TE",6060,250,"3",0.8448,915,41,79,"0"
"869","2014","4","PT",6040,215,"3",0.823,0,4,111,"0"
"870","2014","4","WR",6040,209,"3",0.8817,387,53,29,"0"
"871","2014","3","OLB",6010,222,"4",0.953,102,8,6,"0"
"872","2014","3","ILB",6020,242,"5",0.9896,22,1,2,"1"
"873","2014","3","CB",5100,170,"3",0.8578,657,46,56,"1"
"874","2014","3","ATH",5100,185,"4",0.8932,302,29,23,"0"
"875","2014","3","ATH",5110,188,"3",0.8422,965,78,85,"0"
"876","2014","3","WR",6020,205,"3",0.8621,579,79,49,"0"
"877","2014","3","WR",6014,195,"4",0.8947,295,41,22,"0"
"878","2014","3","OT",6060,265,"3",0.8182,0,125,122,"0"
"879","2014","3","ATH",6010,200,"3",0.8372,0,89,94,"0"
"880","2014","2","DS",6010,198,"3",0.8436,935,77,81,"0"
"881","2014","2","CB",5090,186,"4",0.9672,71,8,5,"0"
"882","2014","2","OLB",6020,225,"3",0.8559,692,53,60,"0"
"883","2014","2","OG",6040,286,"3",0.8665,524,28,43,"0"
"884","2014","2","ATH",5100,181,"3",0.8465,875,70,75,"0"
"885","2014","2","CB",5100,170,"3",0.845,908,66,78,"0"
"886","2014","2","CB",5110,165,"3",0.8509,789,55,71,"0"
"887","2014","1","PK",5090,160,"2",0.7598,0,30,245,"1"
"888","2014","1","TE",6020,232,"4",0.893,305,12,24,"0"
"889","2014","1","WDE",6040,217,"4",0.9105,232,12,16,"0"
"890","2014","1","OT",6050,260,"3",0.8643,550,49,47,"0"
"891","2014","1","RB",5080,189,"4",0.9018,259,6,18,"1"
"892","2014","1","SDE",6030,270,"2",0.733,0,145,285,"0"
"893","2014","1","DT",6024,303,"4",0.8914,322,26,26,"0"
"894","2013","7","CB",5100,179,"3",0.8368,0,84,98,"0"
"895","2013","7","SDE",6040,265,"3",0.8753,424,25,36,"0"
"896","2013","7","CB",6000,175,"3",0.8247,0,101,116,"0"
"897","2013","7","OLB",6030,230,"3",0.862,591,45,55,"0"
"898","2013","7","WR",6020,185,"3",0.8861,348,46,28,"0"
"899","2013","7","OLB",6020,210,"3",0.8681,496,39,45,"0"
"900","2013","7","CB",5090,175,"3",0.8619,593,46,56,"0"
"901","2013","7","QB",6030,197,"4",0.9537,102,7,10,"0"
"902","2013","7","OT",6070,275,"3",0.8631,565,44,52,"0"
"903","2013","7","ILB",6020,218,"4",0.9501,108,2,11,"1"
"904","2013","7","WR",6000,175,"3",0.8349,0,158,100,"0"
"905","2013","7","OG",6040,280,"3",0.8469,863,48,81,"0"
"906","2013","7","TE",6040,225,"3",0.8023,0,78,151,"0"
"907","2013","7","WDE",6030,225,"3",0.8084,0,84,142,"1"
"908","2013","7","CB",5100,175,"2",0.7631,0,216,224,"0"
"909","2013","7","CB",5100,160,"3",0.7992,0,140,156,"1"
"910","2013","7","OLB",6010,195,"4",0.8938,312,21,24,"0"
"911","2013","7","CB",5090,185,"3",0.824,0,105,119,"0"
"912","2013","7","SDE",6040,285,"5",1,1,1,1,"0"
"913","2013","7","CB",6000,170,"3",0.8267,0,96,112,"0"
"914","2013","7","WR",6030,210,"3",0.8435,920,124,83,"0"
"915","2013","7","WR",5114,181,"3",0.8832,362,50,30,"0"
"916","2013","7","QB",6040,200,"3",0.8609,611,30,58,"0"
"917","2013","7","WR",6020,180,"3",0.8413,966,134,89,"0"
"918","2013","7","QB",6020,200,"4",0.9171,207,14,18,"0"
"919","2013","7","OG",6040,255,"3",0.8432,931,53,85,"1"
"920","2013","7","ATH",6010,180,"2",0.7924,0,146,168,"0"
"921","2013","7","DT",6020,290,"4",0.9616,84,6,9,"0"
"922","2013","7","RB",5110,215,"3",0.8696,482,30,42,"0"
"923","2013","7","OT",6050,280,"3",0.8287,0,96,110,"1"
"924","2013","7","OC",6034,300,"3",0.8295,0,17,109,"0"
"925","2013","7","OC",6030,295,"3",0.8412,967,15,90,"0"
"926","2013","7","WDE",6030,245,"5",0.9897,22,1,3,"0"
"927","2013","7","DS",6010,192,"4",0.9653,77,10,7,"0"
"928","2013","7","RB",5100,195,"4",0.9797,42,1,5,"0"
"929","2013","7","OLB",6020,205,"3",0.8322,0,97,105,"1"
"930","2013","7","DS",5110,205,"3",0.8603,619,43,60,"0"
"931","2013","7","OT",6060,300,"3",0.8762,415,33,33,"0"
"932","2013","7","ILB",6020,230,"4",0.8968,294,16,22,"0"
"933","2013","7","CB",5100,171,"2",0.7519,0,232,243,"0"
"934","2013","7","RB",5084,202,"4",0.9716,66,8,6,"0"
"935","2013","7","OC",6020,290,"4",0.9226,185,4,16,"0"
"936","2013","7","QB",6030,190,"3",0.8433,925,40,84,"0"
"937","2013","7","OLB",6020,205,"3",0.8493,831,66,79,"0"
"938","2013","6","OT",6060,296,"3",0.8533,747,56,70,"1"
"939","2013","6","WR",6030,205,"3",0.8812,372,54,31,"0"
"940","2013","6","QB",6030,190,"4",0.9305,158,10,14,"0"
"941","2013","6","SDE",6040,235,"4",0.8959,298,18,23,"1"
"942","2013","6","WDE",6020,205,"3",0.8137,0,71,136,"0"
"943","2013","6","OG",6040,280,"3",0.8544,729,44,68,"0"
"944","2013","6","PT",6020,175,"3",0.8243,0,1,118,"0"
"945","2013","6","RB",6000,210,"3",0.8751,428,27,37,"0"
"946","2013","6","TE",6060,240,"3",0.869,487,18,43,"0"
"947","2013","6","WR",6030,190,"3",0.8214,0,193,122,"0"
"948","2013","6","OLB",6030,210,"3",0.8393,0,85,93,"1"
"949","2013","6","OG",6040,268,"3",0.8581,661,39,65,"1"
"950","2013","6","WR",6000,175,"3",0.8228,0,186,121,"1"
"951","2013","6","DS",6000,195,"3",0.8377,0,73,96,"1"
"952","2013","6","WR",6020,200,"3",0.8296,0,168,108,"0"
"953","2013","6","CB",6020,180,"3",0.8737,441,31,40,"1"
"954","2013","6","DT",6030,310,"3",0.8628,576,39,53,"0"
"955","2013","6","DS",5110,177,"3",0.8594,638,46,61,"0"
"956","2013","6","WDE",6040,217,"3",0.8609,612,26,59,"0"
"957","2013","6","OT",6060,340,"4",0.9077,243,17,19,"0"
"958","2013","6","OT",6030,285,"3",0.7991,0,140,157,"0"
"959","2013","6","WR",6000,181,"3",0.8609,609,83,57,"0"
"960","2013","5","WDE",6020,236,"3",0.8169,0,67,129,"0"
"961","2013","5","TE",6030,245,"3",0.8265,0,53,113,"0"
"962","2013","5","OG",6030,285,"3",0.8656,537,30,50,"0"
"963","2013","5","OT",6040,261,"3",0.866,532,41,49,"0"
"964","2013","5","SDE",6050,235,"4",0.8937,314,19,25,"0"
"965","2013","5","OT",6050,280,"3",0.8386,0,79,94,"1"
"966","2013","5","ATH",6020,195,"3",0.8045,0,129,145,"0"
"967","2013","5","WR",6020,170,"3",0.8033,0,232,146,"0"
"968","2013","5","CB",5100,175,"3",0.8497,822,64,76,"0"
"969","2013","5","ATH",6000,175,"3",0.8625,578,35,54,"0"
"970","2013","5","CB",6010,180,"4",0.9225,186,17,17,"0"
"971","2013","5","DS",6000,195,"3",0.8499,819,62,75,"0"
"972","2013","5","WDE",6010,253,"3",0.8737,438,18,39,"0"
"973","2013","5","RB",5110,185,"3",0.8528,755,23,71,"0"
"974","2013","5","OC",6030,283,"2",0.7798,0,34,186,"0"
"975","2013","4","OLB",5110,200,"2",0.781,0,179,182,"0"
"976","2013","4","WR",6010,194,"3",0.8739,435,62,38,"0"
"977","2013","4","OG",6040,270,"3",0.8165,0,85,131,"1"
"978","2013","4","DS",6000,185,"3",0.8586,654,47,64,"1"
"979","2013","4","CB",5110,175,"3",0.8383,0,80,95,"0"
"980","2013","4","OLB",6020,215,"3",0.8334,0,95,101,"0"
"981","2013","4","TE",6050,235,"3",0.8758,419,14,34,"0"
"982","2013","4","WR",5100,180,"3",0.8418,951,130,87,"0"
"983","2013","4","DS",5114,193,"5",0.9876,26,2,4,"1"
"984","2013","4","DS",6030,190,"2",0.779,0,171,188,"0"
"985","2013","4","OG",6040,275,"3",0.8672,509,29,47,"0"
"986","2013","4","CB",5090,160,"4",0.9383,133,13,13,"0"
"987","2013","4","TE",6040,230,"3",0.8675,507,19,46,"0"
"988","2013","4","OT",6050,290,"3",0.8594,643,49,63,"0"
"989","2013","4","ILB",6010,233,"4",0.9049,260,14,20,"0"
"990","2013","3","QB",6040,200,"3",0.8838,359,17,29,"0"
"991","2013","3","DS",6014,175,"3",0.7981,0,134,161,"0"
"992","2013","3","ILB",6010,230,"3",0.8755,420,27,35,"0"
"993","2013","3","SDE",6040,240,"3",0.8412,968,48,91,"0"
"994","2013","3","DT",6030,275,"4",0.9025,273,22,21,"0"
"995","2013","3","QB",6030,200,"2",0.7519,0,130,244,"0"
"996","2013","3","WR",6014,196,"4",0.9648,78,10,8,"0"
"997","2013","3","OT",6050,270,"3",0.864,558,42,51,"0"
"998","2013","3","PK",6040,180,"3",0.8353,0,3,99,"0"
"999","2013","2","RB",6000,208,"4",0.9295,165,14,15,"0"
"1000","2013","2","OG",6040,325,"4",0.8918,324,17,26,"0"
"1001","2013","2","WR",5100,165,"3",0.8684,491,68,44,"0"
"1002","2013","1","FB",5100,210,"3",0.7986,0,6,158,"0"
"1003","2013","1","DT",6040,310,"5",0.9947,10,3,2,"0"
"1004","2013","1","RB",5090,190,"3",0.8575,673,41,66,"0"
"1005","2013","1","SDE",6050,260,"4",0.9482,111,9,12,"0"
"1006","2013","1","ATH",5090,160,"3",0.8886,342,13,27,"0"
"1007","2013","1","CB",5100,185,"3",0.815,0,117,135,"0"
"1008","2013","1","DT",6030,285,"2",0.7783,0,129,189,"0"
"1009","2013","1","WR",6050,193,"3",0.8786,392,56,32,"0"
"1010","2012","7","DS",6000,175,"3",0.8646,698,45,57,"1"
"1011","2012","7","RB",5090,182,"3",0.8692,637,36,49,"0"
"1012","2012","7","DT",6030,270,"3",0.7982,0,109,134,"1"
"1013","2012","7","SDE",6050,254,"4",0.9158,237,12,17,"0"
"1014","2012","7","RB",6010,195,"3",0.8613,730,18,58,"0"
"1015","2012","7","TE",6030,215,"3",0.8794,488,17,38,"0"
"1016","2012","7","QB",6040,190,"3",0.8097,0,68,123,"0"
"1017","2012","7","RB",6010,187,"4",0.9454,128,5,10,"0"
"1018","2012","7","CB",5110,165,"3",0.8396,0,76,89,"0"
"1019","2012","7","WR",6020,187,"3",0.8426,989,115,85,"0"
"1020","2012","7","DS",6030,213,"3",0.8773,524,31,43,"0"
"1021","2012","7","OLB",6050,200,"5",0.989,22,1,1,"0"
"1022","2012","7","WDE",6060,215,"4",0.9023,299,18,24,"0"
"1023","2012","7","WR",6030,175,"3",0.8256,0,157,104,"1"
"1024","2012","7","PK",5100,165,"3",0.8312,0,6,98,"0"
"1025","2012","7","DT",6030,255,"2",0.7333,0,175,194,"0"
"1026","2012","7","DS",6020,180,"3",0.8187,0,97,109,"0"
"1027","2012","7","WR",6050,220,"4",0.9157,238,32,18,"0"
"1028","2012","7","DT",6020,265,"3",0.8428,987,67,84,"0"
"1029","2012","7","CB",5110,180,"3",0.8418,0,70,88,"0"
"1030","2012","7","OLB",6010,210,"3",0.851,859,75,73,"1"
"1031","2012","7","ILB",6000,220,"3",0.8518,850,41,72,"1"
"1032","2012","7","ILB",6000,220,"3",0.8518,947,62,78,"1"
"1033","2012","6","CB",5090,170,"2",0.7757,0,136,147,"0"
"1034","2012","6","QB",6050,192,"3",0.8571,781,38,65,"1"
"1035","2012","6","CB",5110,175,"4",0.9358,157,12,14,"0"
"1036","2012","6","CB",5110,165,"3",0.8574,778,54,64,"1"
"1037","2012","6","ATH",6030,212,"3",0.8474,910,66,77,"0"
"1038","2012","6","CB",6000,170,"3",0.8549,804,57,67,"0"
"1039","2012","6","DS",6020,187,"3",0.8041,0,120,126,"0"
"1040","2012","6","DS",6030,208,"3",0.8785,503,29,41,"1"
"1041","2012","6","WR",6010,175,"2",0.7782,0,268,144,"1"
"1042","2012","6","WR",6010,170,"3",0.8811,462,58,37,"0"
"1043","2012","6","WDE",6050,210,"4",0.9008,306,20,26,"0"
"1044","2012","6","WR",6030,175,"3",0.8306,0,145,99,"0"
"1045","2012","6","WDE",6050,215,"3",0.8535,815,47,68,"0"
"1046","2012","6","WR",6020,180,"3",0.8288,0,149,101,"1"
"1047","2012","6","RB",5110,195,"4",0.9772,47,5,3,"0"
"1048","2012","6","DS",6000,200,"3",0.8717,597,37,45,"0"
"1049","2012","6","OLB",6030,205,"3",0.858,770,67,62,"0"
"1050","2012","6","DT",6030,265,"3",0.8509,862,59,74,"0"
"1051","2012","6","WDE",6020,245,"4",0.9008,305,19,25,"1"
"1052","2012","6","ILB",6020,215,"4",0.9397,146,7,13,"0"
"1053","2012","6","DT",6040,275,"3",0.8848,419,28,32,"0"
"1054","2012","6","TE",6020,225,"3",0.8322,0,60,97,"0"
"1055","2012","6","WR",6020,180,"3",0.8428,980,113,82,"1"
"1056","2012","6","WDE",6040,220,"4",0.9088,269,17,22,"0"
"1057","2012","6","ILB",6020,210,"3",0.8766,534,23,44,"0"
"1058","2012","5","DS",6010,185,"4",0.9004,308,19,27,"0"
"1059","2012","5","WDE",6050,207,"3",0.8692,639,38,50,"1"
"1060","2012","5","OG",6060,315,"4",0.9324,167,9,15,"0"
"1061","2012","5","CB",5110,175,"3",0.8115,0,109,118,"0"
"1062","2012","5","LS",6020,235,"2",0.7897,0,2,138,"0"
"1063","2012","5","TE",6040,245,"3",0.8792,492,18,40,"0"
"1064","2012","5","CB",5110,177,"3",0.8443,956,65,79,"0"
"1065","2012","5","OLB",6040,235,"4",0.9528,108,9,9,"0"
"1066","2012","5","CB",5100,160,"3",0.8306,0,90,100,"1"
"1067","2012","5","ILB",6030,230,"3",0.858,767,34,61,"0"
"1068","2012","5","TE",6040,230,"3",0.8593,748,37,60,"0"
"1069","2012","5","CB",5100,184,"3",0.8834,433,32,33,"0"
"1070","2012","5","RB",5100,175,"3",0.8605,736,44,59,"0"
"1071","2012","5","RB",5110,220,"3",0.8709,616,34,48,"0"
"1072","2012","5","SDE",6060,245,"3",0.8715,600,32,46,"0"
"1073","2012","5","DT",6020,260,"3",0.8089,0,104,124,"0"
"1074","2012","5","WDE",6030,242,"5",0.9845,34,4,2,"0"
"1075","2012","5","OG",6030,292,"4",0.9135,247,11,20,"0"
"1076","2012","5","OG",6030,290,"3",0.8221,0,79,106,"0"
"1077","2012","5","WR",6010,190,"3",0.8428,985,114,83,"0"
"1078","2012","5","CB",6000,180,"3",0.8829,443,33,36,"0"
"1079","2012","5","QB",6050,208,"4",0.9143,242,8,19,"1"
"1080","2012","5","OG",6040,304,"3",0.8654,688,36,54,"1"
"1081","2012","4","QB",6020,205,"3",0.8362,0,51,94,"1"
"1082","2012","4","CB",5100,185,"3",0.8519,849,59,71,"0"
"1083","2012","4","PT",6010,190,"3",0.8101,0,4,121,"0"
"1084","2012","4","CB",6000,170,"4",0.8892,385,29,30,"0"
"1085","2012","4","WR",6020,250,"3",0.8172,0,177,113,"0"
"1086","2012","4","DT",6050,260,"3",0.8792,491,36,39,"0"
"1087","2012","4","SDE",6030,260,"3",0.855,798,45,66,"1"
"1088","2012","4","QB",6040,215,"3",0.833,0,55,96,"0"
"1089","2012","4","WR",6020,198,"3",0.8859,409,51,31,"1"
"1090","2012","4","ATH",6010,190,"3",0.8525,835,60,69,"0"
"1091","2012","4","DT",6030,270,"4",0.9195,215,20,16,"0"
"1092","2012","4","CB",5110,190,"3",0.8124,0,106,117,"1"
"1093","2012","4","OG",6040,275,"3",0.8419,997,54,86,"1"
"1094","2012","4","PK",5110,195,"3",0.8485,889,5,76,"0"
"1095","2012","4","OT",6070,275,"3",0.844,959,83,80,"0"
"1096","2012","4","RB",5090,185,"3",0.8431,975,57,81,"0"
"1097","2012","4","WR",6040,200,"4",0.9558,96,13,8,"0"
"1098","2012","4","SDE",6050,247,"4",0.8921,362,19,29,"0"
"1099","2012","4","ILB",6020,206,"3",0.8647,695,28,56,"0"
"1100","2012","4","CB",5114,185,"4",0.9702,63,4,5,"0"
"1101","2012","4","DT",6030,305,"4",0.8984,322,23,28,"0"
"1102","2012","4","DT",6050,256,"4",0.9074,275,21,23,"0"
"1103","2012","3","PK",5110,180,"3",0.8661,677,1,53,"0"
"1104","2012","3","OT",6050,297,"4",0.945,130,13,11,"0"
"1105","2012","3","WR",6030,213,"3",0.8152,0,182,115,"0"
"1106","2012","3","WR",6020,195,"3",0.8525,836,98,70,"0"
"1107","2012","3","OG",6030,280,"3",0.8388,0,59,91,"0"
"1108","2012","3","RB",6010,207,"3",0.869,642,37,51,"0"
"1109","2012","3","RB",6010,222,"4",0.9093,265,15,21,"0"
"1110","2012","3","FB",6020,249,"3",0.883,440,2,35,"0"
"1111","2012","3","OLB",6030,225,"4",0.9683,68,5,6,"0"
"1112","2012","2","TE",6040,235,"4",0.9609,85,2,7,"0"
"1113","2012","2","OLB",6050,211,"4",0.9411,140,14,12,"0"
"1114","2012","2","DT",6020,293,"3",0.883,439,30,34,"0"
"1115","2012","2","RB",5110,200,"3",0.8774,523,27,42,"1"
"1116","2012","1","ATH",6010,180,"3",0.8418,0,72,87,"1"
"1117","2012","1","SDE",6040,240,"3",0.8395,0,58,90,"0"
"1118","2012","1","SDE",6020,249,"3",0.8715,601,33,47,"0"
"1119","2012","1","DT",6040,317,"4",0.9749,53,5,4,"0"
"1120","2012","1","WDE",6040,225,"3",0.8677,660,40,52,"0"
"1121","2012","1","DT",6010,280,"3",0.8378,0,73,93,"1"
"1122","2011","7","OLB",5110,220,"3",0.8144,0,107,97,"0"
"1123","2011","7","WR",5110,170,"3",0.8464,802,95,61,"0"
"1124","2011","7","OT",6070,270,"3",0.8706,405,40,29,"0"
"1125","2011","7","ILB",6010,225,"3",0.8378,933,36,73,"0"
"1126","2011","7","DS",5110,200,"3",0.8563,621,43,47,"0"
"1127","2011","7","OLB",6020,215,"2",0.7556,0,164,147,"0"
"1128","2011","7","ILB",6000,225,"2",0.7684,0,78,123,"0"
"1129","2011","7","OLB",6030,235,"3",0.8797,333,23,27,"0"
"1130","2011","7","DS",6000,190,"3",0.8687,421,28,30,"0"
"1131","2011","7","DS",6000,180,"3",0.8515,698,50,54,"0"
"1132","2011","7","TE",6050,207,"3",0.8575,592,26,46,"0"
"1133","2011","7","OLB",6000,204,"3",0.8615,523,42,41,"0"
"1134","2011","7","RB",6010,255,"3",0.8104,0,79,101,"1"
"1135","2011","7","OLB",6020,215,"3",0.8343,0,84,81,"1"
"1136","2011","7","RB",5110,180,"3",0.8357,980,21,75,"0"
"1137","2011","7","DT",6020,270,"3",0.8116,0,92,99,"1"
"1138","2011","7","DS",6050,210,"3",0.8397,901,68,69,"0"
"1139","2011","7","ATH",6050,229,"4",0.899,246,19,18,"0"
"1140","2011","7","WR",6030,202,"4",0.8918,274,33,20,"0"
"1141","2011","7","ILB",6010,218,"3",0.8166,0,56,94,"0"
"1142","2011","7","DT",6000,282,"3",0.8247,0,84,90,"0"
"1143","2011","7","WDE",6050,232,"2",0.7909,0,72,111,"0"
"1144","2011","7","OLB",6030,191,"3",0.86,544,44,44,"0"
"1145","2011","7","CB",5100,160,"3",0.8534,661,48,52,"0"
"1146","2011","7","DS",5110,191,"3",0.817,0,93,93,"0"
"1147","2011","6","CB",6000,175,"3",0.8801,329,26,26,"0"
"1148","2011","6","SDE",6040,295,"3",0.8544,647,48,50,"0"
"1149","2011","6","PK",5110,180,"3",0.8172,0,6,92,"0"
"1150","2011","6","WR",6000,175,"3",0.8024,0,178,107,"0"
"1151","2011","6","OT",6070,320,"4",0.8904,281,27,22,"0"
"1152","2011","6","WDE",6030,233,"4",0.9391,122,7,11,"0"
"1153","2011","6","ILB",6040,244,"2",0.7444,0,105,150,"0"
"1154","2011","6","WR",6020,195,"3",0.864,474,57,35,"0"
"1155","2011","6","SDE",6030,285,"3",0.8066,0,89,102,"1"
"1156","2011","6","WR",5100,160,"3",0.8544,648,77,51,"1"
"1157","2011","6","WDE",6060,215,"3",0.8681,430,15,31,"0"
"1158","2011","6","OLB",6010,220,"3",0.8296,0,91,86,"0"
"1159","2011","6","OG",6030,313,"4",0.8933,268,13,19,"0"
"1160","2011","6","CB",5090,165,"3",0.8352,987,75,79,"0"
"1161","2011","6","DS",6010,188,"3",0.8466,789,57,60,"0"
"1162","2011","6","WDE",6050,215,"2",0.7782,0,79,118,"0"
"1163","2011","6","OT",6070,250,"3",0.8357,981,86,76,"1"
"1164","2011","6","OLB",6020,197,"3",0.8788,338,24,28,"0"
"1165","2011","6","DS",6010,173,"3",0.8882,291,19,23,"0"
"1166","2011","6","ILB",6020,230,"4",0.9667,64,4,8,"0"
"1167","2011","6","ATH",6010,183,"4",0.981,33,2,4,"0"
"1168","2011","6","TE",6060,250,"4",0.9717,55,5,7,"0"
"1169","2011","5","ATH",5110,180,"3",0.8136,0,85,98,"0"
"1170","2011","5","RB",5090,190,"3",0.8346,994,60,80,"0"
"1171","2011","5","QB",6010,182,"3",0.8271,0,27,88,"0"
"1172","2011","5","OT",6060,305,"3",0.8555,634,62,48,"0"
"1173","2011","5","ILB",6020,220,"3",0.8515,702,31,55,"1"
"1174","2011","5","OT",6040,290,"2",0.7906,0,131,112,"0"
"1175","2011","5","RB",5110,189,"3",0.8624,504,32,39,"1"
"1176","2011","5","CB",6000,175,"4",0.9728,51,2,6,"0"
"1177","2011","5","WR",6010,185,"3",0.8396,906,105,70,"1"
"1178","2011","5","SDE",6030,238,"4",0.9795,35,5,5,"0"
"1179","2011","5","DS",6010,185,"4",0.9363,131,8,12,"0"
"1180","2011","5","DT",6060,285,"4",0.9067,215,18,16,"0"
"1181","2011","5","DS",5110,182,"3",0.859,563,38,45,"0"
"1182","2011","5","ILB",6020,207,"3",0.861,530,24,42,"0"
"1183","2011","5","WDE",6040,215,"3",0.8353,986,50,78,"0"
"1184","2011","5","SDE",6040,240,"3",0.8393,915,61,71,"1"
"1185","2011","5","DS",6010,181,"3",0.8468,776,56,59,"0"
"1186","2011","5","OLB",6040,212,"4",0.8918,275,19,21,"0"
"1187","2011","5","OT",6060,270,"3",0.8055,0,122,104,"0"
"1188","2011","5","WR",6050,193,"3",0.8388,922,107,72,"0"
"1189","2011","5","RB",6020,200,"3",0.7968,0,91,109,"0"
"1190","2011","5","SDE",6050,250,"5",0.991,18,2,2,"0"
"1191","2011","5","DT",6040,305,"3",0.8546,643,49,49,"0"
"1192","2011","5","DT",6010,280,"3",0.8014,0,104,108,"0"
"1193","2011","5","RB",5100,201,"3",0.8453,814,49,63,"1"
"1194","2011","4","RB",5110,210,"5",0.9959,6,1,1,"0"
"1195","2011","4","DS",6020,200,"3",0.8111,0,99,100,"0"
"1196","2011","4","OG",6030,300,"3",0.8484,749,43,57,"0"
"1197","2011","4","DT",6020,275,"4",0.9598,83,7,10,"0"
"1198","2011","4","PK",6040,200,"3",0.8263,0,4,89,"0"
"1199","2011","4","WDE",6030,215,"3",0.8357,983,49,77,"1"
"1200","2011","4","ILB",6010,222,"4",0.9033,226,9,17,"0"
"1201","2011","4","CB",6000,177,"3",0.8621,505,35,40,"0"
"1202","2011","4","WDE",6030,205,"3",0.8403,895,44,67,"0"
"1203","2011","4","SDE",6040,300,"3",0.8661,455,32,34,"0"
"1204","2011","4","ATH",5110,178,"4",0.9629,74,6,9,"0"
"1205","2011","4","DS",6010,200,"3",0.8512,707,51,56,"1"
"1206","2011","3","WR",5110,185,"3",0.864,481,58,36,"0"
"1207","2011","3","SDE",6040,249,"3",0.8872,299,20,24,"0"
"1208","2011","3","OLB",6030,229,"3",0.8378,937,80,74,"0"
"1209","2011","3","OT",6040,280,"3",0.8443,831,73,65,"0"
"1210","2011","3","DS",6010,185,"3",0.8275,0,79,87,"0"
"1211","2011","3","SDE",6050,270,"4",0.9824,31,3,3,"0"
"1212","2011","3","WR",6000,180,"3",0.8631,490,60,37,"0"
"1213","2011","2","ATH",5090,170,"2",0.7889,0,99,113,"0"
"1214","2011","2","OG",6030,282,"3",0.86,542,29,43,"0"
"1215","2011","1","RB",6020,200,"2",0.755,0,145,148,"1"
"1216","2011","1","ATH",6000,175,"3",0.865,451,28,32,"0"
"1217","2011","1","TE",6030,230,"3",0.8519,680,32,53,"1"
"1218","2011","1","DS",5110,186,"4",0.9071,210,15,14,"0"
"1219","2011","1","WR",6000,202,"3",0.8827,318,38,25,"0"
"1220","2011","1","LS",6040,185,"2",0.7693,0,4,122,"1"
"1221","2011","1","OC",6020,282,"3",0.863,495,8,38,"0"
"1222","2011","1","CB",6020,186,"4",0.9071,211,19,15,"0"
"1223","2011","1","TE",6040,229,"3",0.8468,774,37,58,"1"
